name,link
"AirbnbSan Francisco, CA, USA",https://www.ycombinator.comhttps://www.ycombinator.com/companies/airbnb
"DoorDashSan Francisco, CA, USA",https://www.ycombinator.comhttps://www.ycombinator.com/companies/doordash
"CoinbaseSan Francisco, CA, USA",https://www.ycombinator.comhttps://www.ycombinator.com/companies/coinbase
"GrowwBengaluru, KA, India",https://www.ycombinator.comhttps://www.ycombinator.com/companies/groww
"OkloSanta Clara, CA, USA",https://www.ycombinator.comhttps://www.ycombinator.com/companies/oklo
"InstacartSan Francisco, CA, USA",https://www.ycombinator.comhttps://www.ycombinator.com/companies/instacart
"MeeshoBengaluru, KA, India",https://www.ycombinator.comhttps://www.ycombinator.com/companies/meesho
"Rigetti ComputingBerkeley, CA, USA",https://www.ycombinator.comhttps://www.ycombinator.com/companies/rigetti-computing
"DropboxSan Francisco, CA, USA",https://www.ycombinator.comhttps://www.ycombinator.com/companies/dropbox
"EquipmentShareColumbia, MO, USA",https://www.ycombinator.comhttps://www.ycombinator.com/companies/equipmentshare
"BillionToOneMenlo Park, CA, USA",https://www.ycombinator.comhttps://www.ycombinator.com/companies/billiontoone
"GitLabSan Francisco, CA, USA",https://www.ycombinator.comhttps://www.ycombinator.com/companies/gitlab
"MatterportSunnyvale, CA, USA",https://www.ycombinator.comhttps://www.ycombinator.com/companies/matterport
"AmplitudeSan Francisco, CA, USA",https://www.ycombinator.comhttps://www.ycombinator.com/companies/amplitude
"PagerDutySan Francisco, CA, USA",https://www.ycombinator.comhttps://www.ycombinator.com/companies/pagerduty
"Ginkgo BioworksBoston, MA, USA",https://www.ycombinator.comhttps://www.ycombinator.com/companies/ginkgo-bioworks
"WeaveLehi, UT, USA",https://www.ycombinator.comhttps://www.ycombinator.com/companies/weave
"Pardes BiosciencesSan Francisco, CA, USA",https://www.ycombinator.comhttps://www.ycombinator.com/companies/pardes-bio
"Embark TrucksSan Francisco, CA, USA",https://www.ycombinator.comhttps://www.ycombinator.com/companies/embark-trucks
"MomentusSanta Clara, CA, USA",https://www.ycombinator.comhttps://www.ycombinator.com/companies/momentus
"Lucira HealthEmeryville, CA, USA",https://www.ycombinator.comhttps://www.ycombinator.com/companies/lucira-health
"SegmentSan Francisco, CA, USA",https://www.ycombinator.comhttps://www.ycombinator.com/companies/segment
"AlgoliaSan Francisco, CA, USA",https://www.ycombinator.comhttps://www.ycombinator.com/companies/algolia
"TruebillSilver Spring, MD, USA",https://www.ycombinator.comhttps://www.ycombinator.com/companies/truebill
"TwitchSan Francisco, CA, USA",https://www.ycombinator.comhttps://www.ycombinator.com/companies/twitch
"PlanGridSan Francisco, CA, USA",https://www.ycombinator.comhttps://www.ycombinator.com/companies/plangrid
"BellabeatSan Francisco, CA, USA",https://www.ycombinator.comhttps://www.ycombinator.com/companies/bellabeat
"CruiseSan Francisco, CA, USA",https://www.ycombinator.comhttps://www.ycombinator.com/companies/cruise
"BenchlingSan Francisco, CA, USA",https://www.ycombinator.comhttps://www.ycombinator.com/companies/benchling
"CasetextSan Francisco, CA, USA",https://www.ycombinator.comhttps://www.ycombinator.com/companies/casetext
"BirdAmsterdam, NH, Netherlands",https://www.ycombinator.comhttps://www.ycombinator.com/companies/bird
"BrexSan Francisco, CA, USA",https://www.ycombinator.comhttps://www.ycombinator.com/companies/brex
"The AthleticSan Francisco, CA, USA",https://www.ycombinator.comhttps://www.ycombinator.com/companies/the-athletic
"CodecademyNew York, NY, USA",https://www.ycombinator.comhttps://www.ycombinator.com/companies/codecademy
"CheckrSan Francisco, CA, USA",https://www.ycombinator.comhttps://www.ycombinator.com/companies/checkr
"LeverSan Francisco, CA, USA",https://www.ycombinator.comhttps://www.ycombinator.com/companies/lever
"ClipboardSan Francisco, CA, USA",https://www.ycombinator.comhttps://www.ycombinator.com/companies/clipboard
"HeapSan Francisco, CA, USA",https://www.ycombinator.comhttps://www.ycombinator.com/companies/heap
"SendwaveBoston, MA, USA",https://www.ycombinator.comhttps://www.ycombinator.com/companies/sendwave
"DeelSan Francisco, CA, USA",https://www.ycombinator.comhttps://www.ycombinator.com/companies/deel
"CleverSan Francisco, CA, USA",https://www.ycombinator.comhttps://www.ycombinator.com/companies/clever
Caper,https://www.ycombinator.comhttps://www.ycombinator.com/companies/caper
"RedditSan Francisco, CA, USA",https://www.ycombinator.comhttps://www.ycombinator.com/companies/reddit
"FivestarsSan Francisco, CA, USA",https://www.ycombinator.comhttps://www.ycombinator.com/companies/fivestars
"Machine ZonePalo Alto, CA, USA",https://www.ycombinator.comhttps://www.ycombinator.com/companies/machine-zone
"FaireSan Francisco, CA, USA",https://www.ycombinator.comhttps://www.ycombinator.com/companies/faire
"FivetranOakland, CA, USA",https://www.ycombinator.comhttps://www.ycombinator.com/companies/fivetran
"OptimizelySan Francisco, CA, USA",https://www.ycombinator.comhttps://www.ycombinator.com/companies/optimizely
"FlexportSan Francisco, CA, USA",https://www.ycombinator.comhttps://www.ycombinator.com/companies/flexport
"WePayRedwood City, CA, USA",https://www.ycombinator.comhttps://www.ycombinator.com/companies/wepay
"WeeblySan Francisco, CA, USA",https://www.ycombinator.comhttps://www.ycombinator.com/companies/weebly
"Flock SafetyAtlanta, GA, USA",https://www.ycombinator.comhttps://www.ycombinator.com/companies/flock-safety
"SqreenSan Francisco, CA, USA",https://www.ycombinator.comhttps://www.ycombinator.com/companies/sqreen
"NURXNew York, NY, USA",https://www.ycombinator.comhttps://www.ycombinator.com/companies/nurx
"Go1San Francisco, CA, USA",https://www.ycombinator.comhttps://www.ycombinator.com/companies/go1
"CoreOSSan Francisco, CA, USA",https://www.ycombinator.comhttps://www.ycombinator.com/companies/coreos
"Bear Flag RoboticsNewark, CA, USA",https://www.ycombinator.comhttps://www.ycombinator.com/companies/bear-flag-robotics
"GOAT GroupLos Angeles, CA, USA",https://www.ycombinator.comhttps://www.ycombinator.com/companies/goat-group
"HerokuSan Francisco, CA, USA",https://www.ycombinator.comhttps://www.ycombinator.com/companies/heroku
"GrubMarketSan Francisco, CA, USA",https://www.ycombinator.comhttps://www.ycombinator.com/companies/grubmarket
"HelloSignSan Francisco, CA, USA",https://www.ycombinator.comhttps://www.ycombinator.com/companies/hellosign
"ZenefitsSan Francisco, CA, USA",https://www.ycombinator.comhttps://www.ycombinator.com/companies/zenefits
"GustoSan Francisco, CA, USA",https://www.ycombinator.comhttps://www.ycombinator.com/companies/gusto
"HoneyloveLos Angeles, CA, USA",https://www.ycombinator.comhttps://www.ycombinator.com/companies/honeylove
"Modern FertilitySan Francisco, CA, USA",https://www.ycombinator.comhttps://www.ycombinator.com/companies/modern-fertility
"CognitoPalo Alto, CA, USA",https://www.ycombinator.comhttps://www.ycombinator.com/companies/cognito
"OpenInvestSan Francisco, CA, USA",https://www.ycombinator.comhttps://www.ycombinator.com/companies/openinvest
"MixpanelSan Francisco, CA, USA",https://www.ycombinator.comhttps://www.ycombinator.com/companies/mixpanel
"PaystackLagos, LA, Nigeria",https://www.ycombinator.comhttps://www.ycombinator.com/companies/paystack
"Moxion Power Co.Richmond, CA, USA",https://www.ycombinator.comhttps://www.ycombinator.com/companies/moxion-power-co
"DrChronoCA, USA",https://www.ycombinator.comhttps://www.ycombinator.com/companies/drchrono
"OMGPopNew York, NY, USA",https://www.ycombinator.comhttps://www.ycombinator.com/companies/omgpop
"NewfrontSan Francisco, CA, USA",https://www.ycombinator.comhttps://www.ycombinator.com/companies/newfront-insurance
"NorthKitchener, ON, Canada",https://www.ycombinator.comhttps://www.ycombinator.com/companies/north
Nowports,https://www.ycombinator.comhttps://www.ycombinator.com/companies/nowports
"OdekoNew York, NY, USA",https://www.ycombinator.comhttps://www.ycombinator.com/companies/odeko
"GitPrimeDurango, CO, USA",https://www.ycombinator.comhttps://www.ycombinator.com/companies/gitprime
"ProxySan Francisco, CA, USA",https://www.ycombinator.comhttps://www.ycombinator.com/companies/proxy
"FutureAdvisorSan Francisco, CA, USA",https://www.ycombinator.comhttps://www.ycombinator.com/companies/futureadvisor
"PodiumLehi, UT, USA",https://www.ycombinator.comhttps://www.ycombinator.com/companies/podium
"RappiBogotá, Bogota, Colombia",https://www.ycombinator.comhttps://www.ycombinator.com/companies/rappi
"RazorpayBengaluru, KA, India",https://www.ycombinator.comhttps://www.ycombinator.com/companies/razorpay
"RipplingSan Francisco, CA, USA",https://www.ycombinator.comhttps://www.ycombinator.com/companies/rippling
"Scale AISan Francisco, CA, USA",https://www.ycombinator.comhttps://www.ycombinator.com/companies/scale-ai
"ScentbirdNew York, NY, USA",https://www.ycombinator.comhttps://www.ycombinator.com/companies/scentbird
"ScribdSan Francisco, CA, USA",https://www.ycombinator.comhttps://www.ycombinator.com/companies/scribd
"ShipBobChicago, IL, USA",https://www.ycombinator.comhttps://www.ycombinator.com/companies/shipbob
"SmartAssetNew York, NY, USA",https://www.ycombinator.comhttps://www.ycombinator.com/companies/smartasset
"StripeSan Francisco, CA, USA",https://www.ycombinator.comhttps://www.ycombinator.com/companies/stripe
"WaveDakar, Dakar Region, Senegal",https://www.ycombinator.comhttps://www.ycombinator.com/companies/wave
"WebflowSan Francisco, CA, USA",https://www.ycombinator.comhttps://www.ycombinator.com/companies/webflow
"WhatnotLos Angeles, CA, USA",https://www.ycombinator.comhttps://www.ycombinator.com/companies/whatnot
"ZapierMountain View, CA, USA",https://www.ycombinator.comhttps://www.ycombinator.com/companies/zapier
"ZeptoMH, India",https://www.ycombinator.comhttps://www.ycombinator.com/companies/zepto
"Focal SystemsNew York, NY, USA",https://www.ycombinator.comhttps://www.ycombinator.com/companies/focal-systems
"MioAustin, TX, USA",https://www.ycombinator.comhttps://www.ycombinator.com/companies/mio
"DailySan Francisco, CA, USA",https://www.ycombinator.comhttps://www.ycombinator.com/companies/daily
"PetcubeSan Francisco, CA, USA",https://www.ycombinator.comhttps://www.ycombinator.com/companies/petcube
"OutschoolSan Francisco, CA, USA",https://www.ycombinator.comhttps://www.ycombinator.com/companies/outschool
"MasonSeattle, WA, USA",https://www.ycombinator.comhttps://www.ycombinator.com/companies/mason
"MagicBusLos Angeles, CA, USA",https://www.ycombinator.comhttps://www.ycombinator.com/companies/magicbus
"TovalaChicago, IL, USA",https://www.ycombinator.comhttps://www.ycombinator.com/companies/tovala
"iSono HealthSan Francisco, CA, USA",https://www.ycombinator.comhttps://www.ycombinator.com/companies/isono-health
"GetAcceptSan Francisco, CA, USA",https://www.ycombinator.comhttps://www.ycombinator.com/companies/getaccept
"ChatfuelSan Francisco, CA, USA",https://www.ycombinator.comhttps://www.ycombinator.com/companies/chatfuel
"YardbookSan Mateo, CA, USA",https://www.ycombinator.comhttps://www.ycombinator.com/companies/yardbook
"GoCardlessLondon, England, United Kingdom",https://www.ycombinator.comhttps://www.ycombinator.com/companies/gocardless
"Stealth WorkerMenlo Park, CA, USA",https://www.ycombinator.comhttps://www.ycombinator.com/companies/stealth-worker
"DeepgramSan Francisco, CA, USA",https://www.ycombinator.comhttps://www.ycombinator.com/companies/deepgram
"SOUNDBOKSCopenhagen, Denmark",https://www.ycombinator.comhttps://www.ycombinator.com/companies/soundboks
"LatticeSan Francisco, CA, USA",https://www.ycombinator.comhttps://www.ycombinator.com/companies/lattice
"MuxSan Francisco, CA, USA",https://www.ycombinator.comhttps://www.ycombinator.com/companies/mux
"Human InterestSan Francisco, CA, USA",https://www.ycombinator.comhttps://www.ycombinator.com/companies/human-interest
"Flirtey (SkyDrop)Reno, NV, USA",https://www.ycombinator.comhttps://www.ycombinator.com/companies/flirtey
"Eight SleepNew York, NY, USA",https://www.ycombinator.comhttps://www.ycombinator.com/companies/eight-sleep
"InstaworkSan Francisco, CA, USA",https://www.ycombinator.comhttps://www.ycombinator.com/companies/instawork
"Cofactor GenomicsSt. Louis, MO, USA",https://www.ycombinator.comhttps://www.ycombinator.com/companies/cofactor-genomics
"BitmovinSan Francisco, CA, USA",https://www.ycombinator.comhttps://www.ycombinator.com/companies/bitmovin
"TetraScienceBoston, MA, USA",https://www.ycombinator.comhttps://www.ycombinator.com/companies/tetrascience
"The Ticket FairyLos Angeles, CA, USA",https://www.ycombinator.comhttps://www.ycombinator.com/companies/the-ticket-fairy
"Font AwesomeBentonville, AR, USA",https://www.ycombinator.comhttps://www.ycombinator.com/companies/font-awesome
"80,000 HoursLondon, England, United Kingdom",https://www.ycombinator.comhttps://www.ycombinator.com/companies/80-000-hours
"XenditJakarta, Jakarta, Indonesia",https://www.ycombinator.comhttps://www.ycombinator.com/companies/xendit
"Shred VideoSan Francisco, CA, USA",https://www.ycombinator.comhttps://www.ycombinator.com/companies/shred-video
"Shape (ShapeScale)San Francisco, CA, USA",https://www.ycombinator.comhttps://www.ycombinator.com/companies/shape-shapescale
"RedCarpetUpGurugram, HR, India",https://www.ycombinator.comhttps://www.ycombinator.com/companies/redcarpetup
"Plate IQNew York, NY, USA",https://www.ycombinator.comhttps://www.ycombinator.com/companies/plate-iq
"PickTraceLos Angeles, CA, USA",https://www.ycombinator.comhttps://www.ycombinator.com/companies/picktrace
"FountainSan Francisco, CA, USA",https://www.ycombinator.comhttps://www.ycombinator.com/companies/fountain
"MicrohealthNew York, NY, USA",https://www.ycombinator.comhttps://www.ycombinator.com/companies/microhealth
"ZeplinSan Francisco, CA, USA",https://www.ycombinator.comhttps://www.ycombinator.com/companies/zeplin
"MarkhorSan Francisco, CA, USA",https://www.ycombinator.comhttps://www.ycombinator.com/companies/markhor
Circle Medical,https://www.ycombinator.comhttps://www.ycombinator.com/companies/circle-medical
"GiveCampusWashington, DC, USA",https://www.ycombinator.comhttps://www.ycombinator.com/companies/givecampus
"Drip CapitalMH, India",https://www.ycombinator.comhttps://www.ycombinator.com/companies/drip-capital
"ChaldalDhaka, Dhaka Division, Bangladesh",https://www.ycombinator.comhttps://www.ycombinator.com/companies/chaldal
"ClerkyPalo Alto, CA, USA",https://www.ycombinator.comhttps://www.ycombinator.com/companies/clerky
"BodyportSan Francisco, CA, USA",https://www.ycombinator.comhttps://www.ycombinator.com/companies/bodyport
Verge Genomics,https://www.ycombinator.comhttps://www.ycombinator.com/companies/verge-genomics
"Thrive AgritechNew York, NY, USA",https://www.ycombinator.comhttps://www.ycombinator.com/companies/thrive-agritech
"TesorioSan Francisco, CA, USA",https://www.ycombinator.comhttps://www.ycombinator.com/companies/tesorio
"AgileMDSan Francisco, CA, USA",https://www.ycombinator.comhttps://www.ycombinator.com/companies/agilemd
"ReachRedwood City, CA, USA",https://www.ycombinator.comhttps://www.ycombinator.com/companies/reach
"SunFarmerKathmandu, Central Development Region, Nepal",https://www.ycombinator.comhttps://www.ycombinator.com/companies/sunfarmer
"Confident LIMSPalo Alto, CA, USA",https://www.ycombinator.comhttps://www.ycombinator.com/companies/confident-lims
"Branch8Kowloon, Hong Kong",https://www.ycombinator.comhttps://www.ycombinator.com/companies/branch8
"Heroic LabsLondon, England, United Kingdom",https://www.ycombinator.comhttps://www.ycombinator.com/companies/heroic-labs
"SnapMagicSan Francisco, CA, USA",https://www.ycombinator.comhttps://www.ycombinator.com/companies/snapmagic
"Scope ARSan Francisco, CA, USA",https://www.ycombinator.comhttps://www.ycombinator.com/companies/scope-ar
"PartnerStackToronto, ON, Canada",https://www.ycombinator.comhttps://www.ycombinator.com/companies/partnerstack
"AssemblySouth San Francisco, CA, USA",https://www.ycombinator.comhttps://www.ycombinator.com/companies/assembly
"GemnoteSan Leandro, CA, USA",https://www.ycombinator.comhttps://www.ycombinator.com/companies/gemnote
"New StoryAtlanta, GA, USA",https://www.ycombinator.comhttps://www.ycombinator.com/companies/new-story
"IroncladSan Francisco, CA, USA",https://www.ycombinator.comhttps://www.ycombinator.com/companies/ironclad
"Leaders In TechSan Francisco, CA, USA",https://www.ycombinator.comhttps://www.ycombinator.com/companies/leaders-in-tech
"teaBOTToronto, ON, Canada",https://www.ycombinator.comhttps://www.ycombinator.com/companies/teabot
"TeleportOakland, CA, USA",https://www.ycombinator.comhttps://www.ycombinator.com/companies/teleport
"LuggSan Francisco, CA, USA",https://www.ycombinator.comhttps://www.ycombinator.com/companies/lugg
"ShasqiSan Francisco, CA, USA",https://www.ycombinator.comhttps://www.ycombinator.com/companies/shasqi
"MashginPalo Alto, CA, USA",https://www.ycombinator.comhttps://www.ycombinator.com/companies/mashgin
"NimbleRxRedwood City, CA, USA",https://www.ycombinator.comhttps://www.ycombinator.com/companies/nimblerx
"QuartzyHayward, CA, USA",https://www.ycombinator.comhttps://www.ycombinator.com/companies/quartzy
"ReplikaSan Francisco, CA, USA",https://www.ycombinator.comhttps://www.ycombinator.com/companies/replika
"Tara AISan Jose, CA, USA",https://www.ycombinator.comhttps://www.ycombinator.com/companies/tara-ai
"FlipLos Angeles, CA, USA",https://www.ycombinator.comhttps://www.ycombinator.com/companies/flip
"X-ZellSingapore, Singapore",https://www.ycombinator.comhttps://www.ycombinator.com/companies/x-zell
"ZenflowSouth San Francisco, CA, USA",https://www.ycombinator.comhttps://www.ycombinator.com/companies/zenflow
"TabLondon, England, United Kingdom",https://www.ycombinator.comhttps://www.ycombinator.com/companies/tab
StreakRemote,https://www.ycombinator.comhttps://www.ycombinator.com/companies/streak
"MeadowSan Francisco, CA, USA",https://www.ycombinator.comhttps://www.ycombinator.com/companies/meadow
"Level FramesNY, USA",https://www.ycombinator.comhttps://www.ycombinator.com/companies/level-frames
"Industrial MicrobesAlameda, CA, USA",https://www.ycombinator.comhttps://www.ycombinator.com/companies/industrial-microbes
"GiveffectNew York, NY, USA",https://www.ycombinator.comhttps://www.ycombinator.com/companies/giveffect
"eBrandvalueMountain View, CA, USA",https://www.ycombinator.comhttps://www.ycombinator.com/companies/ebrandvalue
"QuantierraNew York, NY, USA",https://www.ycombinator.comhttps://www.ycombinator.com/companies/quantierra
"CleanlyNew York, NY, USA",https://www.ycombinator.comhttps://www.ycombinator.com/companies/cleanly
"ResolveNew York, NY, USA",https://www.ycombinator.comhttps://www.ycombinator.com/companies/resolve
"MakrwatchNew York, NY, USA",https://www.ycombinator.comhttps://www.ycombinator.com/companies/makrwatch
"TeamNoteHong Kong, Hong Kong",https://www.ycombinator.comhttps://www.ycombinator.com/companies/teamnote
"TempoSan Francisco, CA, USA",https://www.ycombinator.comhttps://www.ycombinator.com/companies/tempo
"SIRUMPalo Alto, CA, USA",https://www.ycombinator.comhttps://www.ycombinator.com/companies/sirum
"Sails Co.Austin, TX, USA",https://www.ycombinator.comhttps://www.ycombinator.com/companies/sails-co
"ReadMeSan Francisco, CA, USA",https://www.ycombinator.comhttps://www.ycombinator.com/companies/readme
"BuildScienceNiagara Falls, NY, USA",https://www.ycombinator.comhttps://www.ycombinator.com/companies/buildscience
"PlatziSan Francisco, CA, USA",https://www.ycombinator.comhttps://www.ycombinator.com/companies/platzi
"LabdoorSan Francisco, CA, USA",https://www.ycombinator.comhttps://www.ycombinator.com/companies/labdoor
"GiveMeTapLondon, England, United Kingdom",https://www.ycombinator.comhttps://www.ycombinator.com/companies/givemetap
"BankjoyTroy, MI, USA",https://www.ycombinator.comhttps://www.ycombinator.com/companies/bankjoy
"ZeitviewSanta Monica, CA, USA",https://www.ycombinator.comhttps://www.ycombinator.com/companies/zeitview
"The Human UtilityOakland, CA, USA",https://www.ycombinator.comhttps://www.ycombinator.com/companies/the-human-utility
"Democracy EarthMadrid, Community of Madrid, Spain",https://www.ycombinator.comhttps://www.ycombinator.com/companies/democracy-earth
"OneSignalSan Mateo, CA, USA",https://www.ycombinator.comhttps://www.ycombinator.com/companies/onesignal
"Numerion LabsSan Francisco, CA, USA",https://www.ycombinator.comhttps://www.ycombinator.com/companies/numerion-labs
"BrightMexico City, CDMX, Mexico",https://www.ycombinator.comhttps://www.ycombinator.com/companies/bright
"MagicWashington, DC, USA",https://www.ycombinator.comhttps://www.ycombinator.com/companies/magic
"MezmoSan Jose, CA, USA",https://www.ycombinator.comhttps://www.ycombinator.com/companies/mezmo
"Akido LabsLos Angeles, CA, USA",https://www.ycombinator.comhttps://www.ycombinator.com/companies/akido-labs
"QventusSan Francisco, CA, USA",https://www.ycombinator.comhttps://www.ycombinator.com/companies/qventus
"Bayes ImpactSan Francisco, CA, USA",https://www.ycombinator.comhttps://www.ycombinator.com/companies/bayes-impact
"Helion EnergyEverett, WA, USA",https://www.ycombinator.comhttps://www.ycombinator.com/companies/helion-energy
"HackerRankSanta Clara, CA, USA",https://www.ycombinator.comhttps://www.ycombinator.com/companies/hackerrank
"FrontSan Francisco, CA, USA",https://www.ycombinator.comhttps://www.ycombinator.com/companies/front
"ApolloSan Francisco, CA, USA",https://www.ycombinator.comhttps://www.ycombinator.com/companies/apollo
"RoomstormRedwood City, CA, USA",https://www.ycombinator.comhttps://www.ycombinator.com/companies/roomstorm
"HiveKitchener, ON, Canada",https://www.ycombinator.comhttps://www.ycombinator.com/companies/hive
"TenjinSan Francisco, CA, USA",https://www.ycombinator.comhttps://www.ycombinator.com/companies/tenjin
"SpotAngelsSan Francisco, CA, USA",https://www.ycombinator.comhttps://www.ycombinator.com/companies/spotangels
UserGemsAustria,https://www.ycombinator.comhttps://www.ycombinator.com/companies/usergems
"SFOXLos Angeles, CA, USA",https://www.ycombinator.comhttps://www.ycombinator.com/companies/sfox
"PicnicHealthSan Francisco, CA, USA",https://www.ycombinator.comhttps://www.ycombinator.com/companies/picnichealth
"PermutiveLondon, England, United Kingdom",https://www.ycombinator.comhttps://www.ycombinator.com/companies/permutive
"AlchemyWaterloo, ON, Canada",https://www.ycombinator.comhttps://www.ycombinator.com/companies/alchemy
"MTailorSan Francisco, CA, USA",https://www.ycombinator.comhttps://www.ycombinator.com/companies/mtailor
"MetricWireKitchener, ON, Canada",https://www.ycombinator.comhttps://www.ycombinator.com/companies/metricwire
"Protocol LabsPalo Alto, CA, USA",https://www.ycombinator.comhttps://www.ycombinator.com/companies/protocol-labs
"GreentoeNew York, NY, USA",https://www.ycombinator.comhttps://www.ycombinator.com/companies/greentoe
"HyperpadLondon, ON, Canada",https://www.ycombinator.comhttps://www.ycombinator.com/companies/hyperpad
"FlaviarNew York, NY, USA",https://www.ycombinator.comhttps://www.ycombinator.com/companies/flaviar
"ClearBengaluru, KA, India",https://www.ycombinator.comhttps://www.ycombinator.com/companies/cleartax
"BackpackSan Francisco, CA, USA",https://www.ycombinator.comhttps://www.ycombinator.com/companies/backpack
"Immunity ProjectSan Francisco, CA, USA",https://www.ycombinator.comhttps://www.ycombinator.com/companies/immunity-project
"DyspatchVictoria, BC, Canada",https://www.ycombinator.comhttps://www.ycombinator.com/companies/dyspatch
"OpenCurriculumMountain View, CA, USA",https://www.ycombinator.comhttps://www.ycombinator.com/companies/opencurriculum
"MixerBoxPalo Alto, CA, USA",https://www.ycombinator.comhttps://www.ycombinator.com/companies/mixerbox
Y Combinator,https://www.ycombinator.comhttps://www.ycombinator.com/companies/y-combinator
"GBatteriesOttawa, ON, Canada",https://www.ycombinator.comhttps://www.ycombinator.com/companies/gbatteries
"ZincSan Francisco, CA, USA",https://www.ycombinator.comhttps://www.ycombinator.com/companies/zinc
"ZidishaSterling, VA, USA",https://www.ycombinator.comhttps://www.ycombinator.com/companies/zidisha
"TrueVaultSan Francisco, CA, USA",https://www.ycombinator.comhttps://www.ycombinator.com/companies/truevault
Guesty,https://www.ycombinator.comhttps://www.ycombinator.com/companies/guesty
"SnapdocsSan Francisco, CA, USA",https://www.ycombinator.comhttps://www.ycombinator.com/companies/snapdocs
"MedmonkMilpitas, CA, USA",https://www.ycombinator.comhttps://www.ycombinator.com/companies/medmonk
"ShoobsLondon, England, United Kingdom",https://www.ycombinator.comhttps://www.ycombinator.com/companies/shoobs
"PushbulletSan Francisco, CA, USA",https://www.ycombinator.comhttps://www.ycombinator.com/companies/pushbullet
"PovioSan Francisco, CA, USA",https://www.ycombinator.comhttps://www.ycombinator.com/companies/povio
"PiinPointKitchener, ON, Canada",https://www.ycombinator.comhttps://www.ycombinator.com/companies/piinpoint
"One DegreeSan Francisco, CA, USA",https://www.ycombinator.comhttps://www.ycombinator.com/companies/one-degree
"MBXSan Francisco, CA, USA",https://www.ycombinator.comhttps://www.ycombinator.com/companies/mbx
EmailioRemote,https://www.ycombinator.comhttps://www.ycombinator.com/companies/emailio
"CodeNowChicago, IL, USA",https://www.ycombinator.comhttps://www.ycombinator.com/companies/codenow
"CodeCombatSan Francisco, CA, USA",https://www.ycombinator.comhttps://www.ycombinator.com/companies/codecombat
"Noora HealthBengaluru, KA, India",https://www.ycombinator.comhttps://www.ycombinator.com/companies/noora-health
"CamblySan Francisco, CA, USA",https://www.ycombinator.comhttps://www.ycombinator.com/companies/cambly
"AptDecoNew York, NY, USA",https://www.ycombinator.comhttps://www.ycombinator.com/companies/aptdeco
"CareMessageSan Francisco, CA, USA",https://www.ycombinator.comhttps://www.ycombinator.com/companies/caremessage
"AmbitionChattanooga, TN, USA",https://www.ycombinator.comhttps://www.ycombinator.com/companies/ambition
AirHelpRemote,https://www.ycombinator.comhttps://www.ycombinator.com/companies/airhelp
"42San Francisco, CA, USA",https://www.ycombinator.comhttps://www.ycombinator.com/companies/42
"True LinkSan Francisco, CA, USA",https://www.ycombinator.comhttps://www.ycombinator.com/companies/true-link
"ReebeeKitchener, ON, Canada",https://www.ycombinator.comhttps://www.ycombinator.com/companies/reebee
"LobSan Francisco, CA, USA",https://www.ycombinator.comhttps://www.ycombinator.com/companies/lob
"Panorama EducationBoston, MA, USA",https://www.ycombinator.comhttps://www.ycombinator.com/companies/panorama-education
"CratejoyAustin, TX, USA",https://www.ycombinator.comhttps://www.ycombinator.com/companies/cratejoy
"Estimote, Inc.Kraków, Lesser Poland Voivodeship, Poland",https://www.ycombinator.comhttps://www.ycombinator.com/companies/estimote-inc
"EasyPostSan Francisco, CA, USA",https://www.ycombinator.comhttps://www.ycombinator.com/companies/easypost
"AssetaNewport Beach, CA, USA",https://www.ycombinator.comhttps://www.ycombinator.com/companies/asseta
"Per VicesToronto, ON, Canada",https://www.ycombinator.comhttps://www.ycombinator.com/companies/per-vices
"7cupsVirginia Beach, VA, USA",https://www.ycombinator.comhttps://www.ycombinator.com/companies/7cups
"WatsiSan Francisco, CA, USA",https://www.ycombinator.comhttps://www.ycombinator.com/companies/watsi
"GoldbellyNew York, NY, USA",https://www.ycombinator.comhttps://www.ycombinator.com/companies/goldbelly
"WevorceBothell, WA, USA",https://www.ycombinator.comhttps://www.ycombinator.com/companies/wevorce
"WefunderSan Francisco, CA, USA",https://www.ycombinator.comhttps://www.ycombinator.com/companies/wefunder
"SimplyInsuredSan Francisco, CA, USA",https://www.ycombinator.comhttps://www.ycombinator.com/companies/simplyinsured
"CircuitHubLondon, England, United Kingdom",https://www.ycombinator.comhttps://www.ycombinator.com/companies/circuithub
"ExperimentHonolulu, HI, USA",https://www.ycombinator.comhttps://www.ycombinator.com/companies/experiment
"RADARNew York, NY, USA",https://www.ycombinator.comhttps://www.ycombinator.com/companies/radar
"LollipuffMountain View, CA, USA",https://www.ycombinator.comhttps://www.ycombinator.com/companies/lollipuff
"StrikinglyShanghai, Shanghai, China",https://www.ycombinator.comhttps://www.ycombinator.com/companies/strikingly
"InfluxDataSan Francisco, CA, USA",https://www.ycombinator.comhttps://www.ycombinator.com/companies/influxdata
"EtleapSan Francisco, CA, USA",https://www.ycombinator.comhttps://www.ycombinator.com/companies/etleap
"CheetahSan Francisco, CA, USA",https://www.ycombinator.comhttps://www.ycombinator.com/companies/cheetah
"LawdingoNew York, NY, USA",https://www.ycombinator.comhttps://www.ycombinator.com/companies/lawdingo
"PadletSan Francisco, CA, USA",https://www.ycombinator.comhttps://www.ycombinator.com/companies/padlet
"BuildZoomSan Francisco, CA, USA",https://www.ycombinator.comhttps://www.ycombinator.com/companies/buildzoom
"CircuitLabRedwood City, CA, USA",https://www.ycombinator.comhttps://www.ycombinator.com/companies/circuitlab
"StyleUpNew York, NY, USA",https://www.ycombinator.comhttps://www.ycombinator.com/companies/styleup
"9gagHong Kong, Hong Kong",https://www.ycombinator.comhttps://www.ycombinator.com/companies/9gag
"SvbtleSan Francisco, CA, USA",https://www.ycombinator.comhttps://www.ycombinator.com/companies/svbtle
"PlivoAustin, TX, USA",https://www.ycombinator.comhttps://www.ycombinator.com/companies/plivo
"Double RoboticsBurlingame, CA, USA",https://www.ycombinator.comhttps://www.ycombinator.com/companies/double-robotics
"VastrmBurlingame, CA, USA",https://www.ycombinator.comhttps://www.ycombinator.com/companies/vastrm
"FlightfoxBoulder, CO, USA",https://www.ycombinator.comhttps://www.ycombinator.com/companies/flightfox
"BackerKitSan Francisco, CA, USA",https://www.ycombinator.comhttps://www.ycombinator.com/companies/backerkit
"SubmittableMissoula, MT, USA",https://www.ycombinator.comhttps://www.ycombinator.com/companies/submittable
"NewsBlurSan Francisco, CA, USA",https://www.ycombinator.comhttps://www.ycombinator.com/companies/newsblur
"OctaveWealthSan Francisco, CA, USA",https://www.ycombinator.comhttps://www.ycombinator.com/companies/octavewealth
"UpwaveSan Francisco, CA, USA",https://www.ycombinator.comhttps://www.ycombinator.com/companies/upwave
"EligibleNY, USA",https://www.ycombinator.comhttps://www.ycombinator.com/companies/eligible
"FundersClubSan Francisco, CA, USA",https://www.ycombinator.comhttps://www.ycombinator.com/companies/fundersclub
"ZentailColumbia, MD, USA",https://www.ycombinator.comhttps://www.ycombinator.com/companies/zentail
"MattermostPalo Alto, CA, USA",https://www.ycombinator.comhttps://www.ycombinator.com/companies/mattermost
"HealthSherpaSacramento, CA, USA",https://www.ycombinator.comhttps://www.ycombinator.com/companies/healthsherpa
"Human DxSan Francisco, CA, USA",https://www.ycombinator.comhttps://www.ycombinator.com/companies/human-dx
"Mth SenseSan Jose, CA, USA",https://www.ycombinator.comhttps://www.ycombinator.com/companies/mth-sense
"RainforestSan Francisco, CA, USA",https://www.ycombinator.comhttps://www.ycombinator.com/companies/rainforest
"ScreenleapSan Carlos, CA, USA",https://www.ycombinator.comhttps://www.ycombinator.com/companies/screenleap-inc
"BuxferSanta Clara, CA, USA",https://www.ycombinator.comhttps://www.ycombinator.com/companies/buxfer
"VirtualminMountain View, CA, USA",https://www.ycombinator.comhttps://www.ycombinator.com/companies/virtualmin
"Blue Frog GamingAkron, OH, USA",https://www.ycombinator.comhttps://www.ycombinator.com/companies/blue-frog-gaming
"CleverDeckIstanbul, Istanbul, Turkey",https://www.ycombinator.comhttps://www.ycombinator.com/companies/cleverdeck
HuscarlRemote,https://www.ycombinator.comhttps://www.ycombinator.com/companies/huscarl
Cohesion,https://www.ycombinator.comhttps://www.ycombinator.com/companies/cohesion
"Maquoketa ResearchElk Grove Village, IL, USA",https://www.ycombinator.comhttps://www.ycombinator.com/companies/maquoketa-research
"Framewise HealthSan Francisco, CA, USA",https://www.ycombinator.comhttps://www.ycombinator.com/companies/framewise-health
"Playabl.aiSan Francisco, CA, USA",https://www.ycombinator.comhttps://www.ycombinator.com/companies/playablai
"InsForgeSan Francisco, CA, USA",https://www.ycombinator.comhttps://www.ycombinator.com/companies/insforge
"ModernSan Francisco, CA, USA",https://www.ycombinator.comhttps://www.ycombinator.com/companies/modern
Klaimee,https://www.ycombinator.comhttps://www.ycombinator.com/companies/klaimee
"GigacatalystSan Francisco, CA, USA",https://www.ycombinator.comhttps://www.ycombinator.com/companies/gigacatalyst
"ManiculeSan Francisco, CA, USA",https://www.ycombinator.comhttps://www.ycombinator.com/companies/manicule
"MochatradeNew York, NY, USA",https://www.ycombinator.comhttps://www.ycombinator.com/companies/mochatrade
"Asendia AISan Francisco, CA, USA",https://www.ycombinator.comhttps://www.ycombinator.com/companies/asendia-ai
"IndexableSan Francisco, CA, USA",https://www.ycombinator.comhttps://www.ycombinator.com/companies/indexable
"KinectSan Francisco, CA, USA",https://www.ycombinator.comhttps://www.ycombinator.com/companies/kinect
"RuntimeSan Francisco, CA, USA",https://www.ycombinator.comhttps://www.ycombinator.com/companies/runtime
"PentagonSan Francisco, CA, USA",https://www.ycombinator.comhttps://www.ycombinator.com/companies/pentagon
"ArzanaSan Francisco, CA, USA",https://www.ycombinator.comhttps://www.ycombinator.com/companies/arzana
ProjectX,https://www.ycombinator.comhttps://www.ycombinator.com/companies/projectx
"OpenWorkSan Francisco, CA, USA",https://www.ycombinator.comhttps://www.ycombinator.com/companies/openwork
"AsterSan Francisco, CA, USA",https://www.ycombinator.comhttps://www.ycombinator.com/companies/asterlab
"AmborasSan Francisco, CA, USA",https://www.ycombinator.comhttps://www.ycombinator.com/companies/amboras
"TesterArmySan Francisco, CA, USA",https://www.ycombinator.comhttps://www.ycombinator.com/companies/testerarmy
"Eden RoboticsSan Francisco, CA, USA",https://www.ycombinator.comhttps://www.ycombinator.com/companies/eden-robotics
"FoasterSan Francisco, CA, USA",https://www.ycombinator.comhttps://www.ycombinator.com/companies/foaster
"Saudara AISan Francisco, CA, USA",https://www.ycombinator.comhttps://www.ycombinator.com/companies/saudara-ai
"SilmarilSan Francisco, CA, USA",https://www.ycombinator.comhttps://www.ycombinator.com/companies/silmaril
BioStack Platforms,https://www.ycombinator.comhttps://www.ycombinator.com/companies/biostack-platforms
"ArdentSan Francisco, CA, USA",https://www.ycombinator.comhttps://www.ycombinator.com/companies/ardent
"KuliSan Francisco, CA, USA",https://www.ycombinator.comhttps://www.ycombinator.com/companies/kuli
Tasklet,https://www.ycombinator.comhttps://www.ycombinator.com/companies/tasklet-2
"AraSan Francisco, CA, USA",https://www.ycombinator.comhttps://www.ycombinator.com/companies/ara
Datost,https://www.ycombinator.comhttps://www.ycombinator.com/companies/datost
"MinicorSan Francisco, CA, USA",https://www.ycombinator.comhttps://www.ycombinator.com/companies/minicor
smol machines,https://www.ycombinator.comhttps://www.ycombinator.com/companies/smol-machines
"HarborSan Diego, CA, USA",https://www.ycombinator.comhttps://www.ycombinator.com/companies/runharbor
"ComplirCopenhagen, Denmark",https://www.ycombinator.comhttps://www.ycombinator.com/companies/complir
AICE Power,https://www.ycombinator.comhttps://www.ycombinator.com/companies/aice-power
"MountSan Francisco, CA, USA",https://www.ycombinator.comhttps://www.ycombinator.com/companies/mount
"AlchemySan Francisco, CA, USA",https://www.ycombinator.comhttps://www.ycombinator.com/companies/alchemyai
"SidekickSaratoga, CA, USA",https://www.ycombinator.comhttps://www.ycombinator.com/companies/textsidekick
"LumiusDurham, NC, USA",https://www.ycombinator.comhttps://www.ycombinator.com/companies/lumius
"AdialanteRedwood City, CA, USA",https://www.ycombinator.comhttps://www.ycombinator.com/companies/adialante
Keyframe Labs,https://www.ycombinator.comhttps://www.ycombinator.com/companies/keyframe-labs
"BenchspanSan Francisco, CA, USA",https://www.ycombinator.comhttps://www.ycombinator.com/companies/benchspan
"OntoraSan Francisco, CA, USA",https://www.ycombinator.comhttps://www.ycombinator.com/companies/ontora
"Napkin MathSan Francisco, CA, USA",https://www.ycombinator.comhttps://www.ycombinator.com/companies/napkin-math
Gojiberry AIRemote,https://www.ycombinator.comhttps://www.ycombinator.com/companies/gojiberry-ai
"Lab0San Francisco, CA, USA",https://www.ycombinator.comhttps://www.ycombinator.com/companies/lab0
Lamina Labs,https://www.ycombinator.comhttps://www.ycombinator.com/companies/lamina-labs
"Kimpton AISan Francisco, CA, USA",https://www.ycombinator.comhttps://www.ycombinator.com/companies/kimpton-ai
"StableBrowseSan Francisco, CA, USA",https://www.ycombinator.comhttps://www.ycombinator.com/companies/stablebrowse
"TaigaSan Francisco, CA, USA",https://www.ycombinator.comhttps://www.ycombinator.com/companies/taiga
Pairio,https://www.ycombinator.comhttps://www.ycombinator.com/companies/pairio
Callab AI,https://www.ycombinator.comhttps://www.ycombinator.com/companies/callab-ai
"Arga LabsSan Francisco, CA, USA",https://www.ycombinator.comhttps://www.ycombinator.com/companies/arga-labs
"RentAHumanSan Francisco, CA, USA",https://www.ycombinator.comhttps://www.ycombinator.com/companies/rentahuman
"SalesgraphSan Francisco, CA, USA",https://www.ycombinator.comhttps://www.ycombinator.com/companies/salesgraph
"SherpaSan Francisco, CA, USA",https://www.ycombinator.comhttps://www.ycombinator.com/companies/sherpa
"UserlensHelsinki, Finland",https://www.ycombinator.comhttps://www.ycombinator.com/companies/userlens
"StandoutSan Francisco, CA, USA",https://www.ycombinator.comhttps://www.ycombinator.com/companies/standout
"qomplementSan Francisco, CA, USA",https://www.ycombinator.comhttps://www.ycombinator.com/companies/qomplement
"ElyraSan Francisco, CA, USA",https://www.ycombinator.comhttps://www.ycombinator.com/companies/elyra
"InterfazeSan Francisco, CA, USA",https://www.ycombinator.comhttps://www.ycombinator.com/companies/interfaze
"ZolvoSan Francisco, CA, USA",https://www.ycombinator.comhttps://www.ycombinator.com/companies/zolvo
Juno,https://www.ycombinator.comhttps://www.ycombinator.com/companies/juno-chat
Kinro,https://www.ycombinator.comhttps://www.ycombinator.com/companies/kinro
GovGuard,https://www.ycombinator.comhttps://www.ycombinator.com/companies/govguard
"PulsentSan Francisco, CA, USA",https://www.ycombinator.comhttps://www.ycombinator.com/companies/pulsent
"Hub.xyzPalo Alto, CA, USA",https://www.ycombinator.comhttps://www.ycombinator.com/companies/hubxyz
"Tenet IndustriesStockholm, Stockholm County, Sweden",https://www.ycombinator.comhttps://www.ycombinator.com/companies/tenet-industries
"RefortifaiSan Francisco, CA, USA",https://www.ycombinator.comhttps://www.ycombinator.com/companies/refortifai
"TrellisSan Francisco, CA, USA",https://www.ycombinator.comhttps://www.ycombinator.com/companies/trellistech
"DayjobLondon, England, United Kingdom",https://www.ycombinator.comhttps://www.ycombinator.com/companies/dayjob
InLoop Robotics,https://www.ycombinator.comhttps://www.ycombinator.com/companies/inloop-robotics
Andustry,https://www.ycombinator.comhttps://www.ycombinator.com/companies/andustry
Nine Fives,https://www.ycombinator.comhttps://www.ycombinator.com/companies/nine-fives
"SaffronSan Francisco, CA, USA",https://www.ycombinator.comhttps://www.ycombinator.com/companies/saffron
"matforgeSan Francisco, CA, USA",https://www.ycombinator.comhttps://www.ycombinator.com/companies/matforge
"LightsprintSan Francisco, CA, USA",https://www.ycombinator.comhttps://www.ycombinator.com/companies/lightsprint
Replicas,https://www.ycombinator.comhttps://www.ycombinator.com/companies/replicas
Totalis,https://www.ycombinator.comhttps://www.ycombinator.com/companies/totalis
"Gikl, IncSan Francisco, CA, USA",https://www.ycombinator.comhttps://www.ycombinator.com/companies/gikl-inc
Stage,https://www.ycombinator.comhttps://www.ycombinator.com/companies/stage
"Standard SignalNew York, NY, USA",https://www.ycombinator.comhttps://www.ycombinator.com/companies/standard-signal
"primitiveSan Francisco, CA, USA",https://www.ycombinator.comhttps://www.ycombinator.com/companies/primitive
"KorsoSan Francisco, CA, USA",https://www.ycombinator.comhttps://www.ycombinator.com/companies/korso
Cardinal,https://www.ycombinator.comhttps://www.ycombinator.com/companies/trycardinal-ai
Wideframe,https://www.ycombinator.comhttps://www.ycombinator.com/companies/wideframe
Martini,https://www.ycombinator.comhttps://www.ycombinator.com/companies/martini
Condor Energy,https://www.ycombinator.comhttps://www.ycombinator.com/companies/condor-energy
Remix,https://www.ycombinator.comhttps://www.ycombinator.com/companies/remix-3
Shofo,https://www.ycombinator.comhttps://www.ycombinator.com/companies/shofo
Wayco,https://www.ycombinator.comhttps://www.ycombinator.com/companies/wayco
Unifold,https://www.ycombinator.comhttps://www.ycombinator.com/companies/unifold
"Carrot LabsSan Francisco, CA, USA",https://www.ycombinator.comhttps://www.ycombinator.com/companies/carrot-labs
Dispatch,https://www.ycombinator.comhttps://www.ycombinator.com/companies/dispatch
Bloom,https://www.ycombinator.comhttps://www.ycombinator.com/companies/trybloom
Aurorin CAD,https://www.ycombinator.comhttps://www.ycombinator.com/companies/aurorin-cad
Fixture,https://www.ycombinator.comhttps://www.ycombinator.com/companies/fixture
DAIVIN!,https://www.ycombinator.comhttps://www.ycombinator.com/companies/daivin
GrazeMate,https://www.ycombinator.comhttps://www.ycombinator.com/companies/grazemate
Origami Robotics,https://www.ycombinator.comhttps://www.ycombinator.com/companies/origami-robotics
"Librar LabsSan Francisco, CA, USA",https://www.ycombinator.comhttps://www.ycombinator.com/companies/librar-labs
Rubric AI,https://www.ycombinator.comhttps://www.ycombinator.com/companies/rubric-ai
"RegbaseNew York, NY, USA",https://www.ycombinator.comhttps://www.ycombinator.com/companies/regbase
Zymbly,https://www.ycombinator.comhttps://www.ycombinator.com/companies/zymbly
"RitivelSan Francisco, CA, USA",https://www.ycombinator.comhttps://www.ycombinator.com/companies/ritivel
Polymorph,https://www.ycombinator.comhttps://www.ycombinator.com/companies/polymorph
Pollinate,https://www.ycombinator.comhttps://www.ycombinator.com/companies/pollinate
SpotPay,https://www.ycombinator.comhttps://www.ycombinator.com/companies/spotpay
VOYGR,https://www.ycombinator.comhttps://www.ycombinator.com/companies/voygr
MochaCare,https://www.ycombinator.comhttps://www.ycombinator.com/companies/mochacare
Vela,https://www.ycombinator.comhttps://www.ycombinator.com/companies/vela
Veriad,https://www.ycombinator.comhttps://www.ycombinator.com/companies/veriad
Talking Computers,https://www.ycombinator.comhttps://www.ycombinator.com/companies/talking-computers
Copperlane,https://www.ycombinator.comhttps://www.ycombinator.com/companies/copperlane
Tsenta,https://www.ycombinator.comhttps://www.ycombinator.com/companies/tsenta
Canary,https://www.ycombinator.comhttps://www.ycombinator.com/companies/canary
Grade,https://www.ycombinator.comhttps://www.ycombinator.com/companies/grade
Sila,https://www.ycombinator.comhttps://www.ycombinator.com/companies/sila
Maven,https://www.ycombinator.comhttps://www.ycombinator.com/companies/maven
Moda,https://www.ycombinator.comhttps://www.ycombinator.com/companies/moda
The Token Company,https://www.ycombinator.comhttps://www.ycombinator.com/companies/the-token-company
BeeSafe AI,https://www.ycombinator.comhttps://www.ycombinator.com/companies/beesafe-ai
Fed10,https://www.ycombinator.comhttps://www.ycombinator.com/companies/fed10
"InthLondon, England, United Kingdom",https://www.ycombinator.comhttps://www.ycombinator.com/companies/inth
Squid,https://www.ycombinator.comhttps://www.ycombinator.com/companies/squid
Crow,https://www.ycombinator.comhttps://www.ycombinator.com/companies/crow
Foreman,https://www.ycombinator.comhttps://www.ycombinator.com/companies/foreman
Booko,https://www.ycombinator.comhttps://www.ycombinator.com/companies/booko
Corelayer,https://www.ycombinator.comhttps://www.ycombinator.com/companies/corelayer
General Legal,https://www.ycombinator.comhttps://www.ycombinator.com/companies/general-legal
Fort,https://www.ycombinator.comhttps://www.ycombinator.com/companies/fort
Balance,https://www.ycombinator.comhttps://www.ycombinator.com/companies/getbalance
Chasi,https://www.ycombinator.comhttps://www.ycombinator.com/companies/chasi
Remy AI,https://www.ycombinator.comhttps://www.ycombinator.com/companies/remy-ai
"GlueSan Francisco, CA, USA",https://www.ycombinator.comhttps://www.ycombinator.com/companies/glue
o11,https://www.ycombinator.comhttps://www.ycombinator.com/companies/o11
DoomersionRemote,https://www.ycombinator.comhttps://www.ycombinator.com/companies/doomersion
Sequence Markets,https://www.ycombinator.comhttps://www.ycombinator.com/companies/sequence-markets
Ditto Biosciences,https://www.ycombinator.comhttps://www.ycombinator.com/companies/ditto-biosciences
Servo7,https://www.ycombinator.comhttps://www.ycombinator.com/companies/servo7
Superset,https://www.ycombinator.comhttps://www.ycombinator.com/companies/superset
Voxel Energy,https://www.ycombinator.comhttps://www.ycombinator.com/companies/voxel-energy
Polymath,https://www.ycombinator.comhttps://www.ycombinator.com/companies/polymath
"ArchalBoulder, CO, USA",https://www.ycombinator.comhttps://www.ycombinator.com/companies/archal
Bubble Lab,https://www.ycombinator.comhttps://www.ycombinator.com/companies/bubble-lab
Pocket,https://www.ycombinator.comhttps://www.ycombinator.com/companies/pocket
Byteport,https://www.ycombinator.comhttps://www.ycombinator.com/companies/byteport
Constellation Space,https://www.ycombinator.comhttps://www.ycombinator.com/companies/constellation-space
"SazabiSan Francisco, CA, USA",https://www.ycombinator.comhttps://www.ycombinator.com/companies/sazabi
Mendral,https://www.ycombinator.comhttps://www.ycombinator.com/companies/mendral
AxionOrbital Space,https://www.ycombinator.comhttps://www.ycombinator.com/companies/axionorbital-space
Oximy,https://www.ycombinator.comhttps://www.ycombinator.com/companies/oximy
Caretta,https://www.ycombinator.comhttps://www.ycombinator.com/companies/caretta
Samora AI,https://www.ycombinator.comhttps://www.ycombinator.com/companies/samora-ai
Human Archive,https://www.ycombinator.comhttps://www.ycombinator.com/companies/human-archive
Forum,https://www.ycombinator.comhttps://www.ycombinator.com/companies/forum
sitefire,https://www.ycombinator.comhttps://www.ycombinator.com/companies/sitefire
Robby,https://www.ycombinator.comhttps://www.ycombinator.com/companies/robby
Ressl AI,https://www.ycombinator.comhttps://www.ycombinator.com/companies/ressl-ai
Emdash,https://www.ycombinator.comhttps://www.ycombinator.com/companies/emdash
"InventoryQuantSan Francisco, CA, USA",https://www.ycombinator.comhttps://www.ycombinator.com/companies/inventoryquant
Congruent,https://www.ycombinator.comhttps://www.ycombinator.com/companies/congruent
Reframe,https://www.ycombinator.comhttps://www.ycombinator.com/companies/usereframe
Valence,https://www.ycombinator.comhttps://www.ycombinator.com/companies/valence
"9 MothersAustin, TX, USA",https://www.ycombinator.comhttps://www.ycombinator.com/companies/9-mothers-corporation
"ApproximaSan Francisco, CA, USA",https://www.ycombinator.comhttps://www.ycombinator.com/companies/approxima
Traverse,https://www.ycombinator.comhttps://www.ycombinator.com/companies/traverse
Revion,https://www.ycombinator.comhttps://www.ycombinator.com/companies/revion
Maywood,https://www.ycombinator.comhttps://www.ycombinator.com/companies/maywood
Fenrock AI,https://www.ycombinator.comhttps://www.ycombinator.com/companies/fenrock-ai
End Close,https://www.ycombinator.comhttps://www.ycombinator.com/companies/end-close
Chamber,https://www.ycombinator.comhttps://www.ycombinator.com/companies/chamber
Patientdesk.ai,https://www.ycombinator.comhttps://www.ycombinator.com/companies/patientdeskai
Visibl Semiconductors,https://www.ycombinator.comhttps://www.ycombinator.com/companies/visibl-semiconductors
Synthetic Sciences,https://www.ycombinator.comhttps://www.ycombinator.com/companies/synthetic-sciences
Seeing Systems,https://www.ycombinator.comhttps://www.ycombinator.com/companies/seeing-systems
Jinba,https://www.ycombinator.comhttps://www.ycombinator.com/companies/jinba
Cardboard,https://www.ycombinator.comhttps://www.ycombinator.com/companies/cardboard
Prana,https://www.ycombinator.comhttps://www.ycombinator.com/companies/prana-health
Rhizome AIRemote,https://www.ycombinator.comhttps://www.ycombinator.com/companies/rhizome-ai
Pax Historia,https://www.ycombinator.comhttps://www.ycombinator.com/companies/pax-historia
Hex Security,https://www.ycombinator.comhttps://www.ycombinator.com/companies/hex-security
Laurence,https://www.ycombinator.comhttps://www.ycombinator.com/companies/laurence
Terminal Use,https://www.ycombinator.comhttps://www.ycombinator.com/companies/terminal-use
Overshoot,https://www.ycombinator.comhttps://www.ycombinator.com/companies/overshoot
Cajal,https://www.ycombinator.comhttps://www.ycombinator.com/companies/cajal-technologies
Proximitty,https://www.ycombinator.comhttps://www.ycombinator.com/companies/proximitty
Stilta,https://www.ycombinator.comhttps://www.ycombinator.com/companies/stilta
Unisson,https://www.ycombinator.comhttps://www.ycombinator.com/companies/unisson
"IncidentFoxSan Francisco, CA, USA",https://www.ycombinator.comhttps://www.ycombinator.com/companies/brownie
Compresr,https://www.ycombinator.comhttps://www.ycombinator.com/companies/compresr
Opalite Health,https://www.ycombinator.comhttps://www.ycombinator.com/companies/opalite-health
Confluence Labs,https://www.ycombinator.comhttps://www.ycombinator.com/companies/confluence-labs
Mango Medical,https://www.ycombinator.comhttps://www.ycombinator.com/companies/mango-medical-inc
Sponge,https://www.ycombinator.comhttps://www.ycombinator.com/companies/sponge
Terranox AI,https://www.ycombinator.comhttps://www.ycombinator.com/companies/terranox-ai
Ventura,https://www.ycombinator.comhttps://www.ycombinator.com/companies/ventura
Orthogonal,https://www.ycombinator.comhttps://www.ycombinator.com/companies/orthogonal
Perfectly,https://www.ycombinator.comhttps://www.ycombinator.com/companies/perfectly
Fern,https://www.ycombinator.comhttps://www.ycombinator.com/companies/fern-bot
Sparkles,https://www.ycombinator.comhttps://www.ycombinator.com/companies/sparkles
EigenPal,https://www.ycombinator.comhttps://www.ycombinator.com/companies/eigenpal
"SalusSan Francisco, CA, USA",https://www.ycombinator.comhttps://www.ycombinator.com/companies/salus
Arcline,https://www.ycombinator.comhttps://www.ycombinator.com/companies/arcline
"RamAInSan Francisco, CA, USA",https://www.ycombinator.comhttps://www.ycombinator.com/companies/ramain
Milliray,https://www.ycombinator.comhttps://www.ycombinator.com/companies/milliray
Beyond Reach Labs,https://www.ycombinator.comhttps://www.ycombinator.com/companies/beyond-reach-labs
OctaPulse,https://www.ycombinator.comhttps://www.ycombinator.com/companies/octapulse
CodeWisp,https://www.ycombinator.comhttps://www.ycombinator.com/companies/codewisp
Ashr,https://www.ycombinator.comhttps://www.ycombinator.com/companies/ashr
Aemon,https://www.ycombinator.comhttps://www.ycombinator.com/companies/aemon
Luel,https://www.ycombinator.comhttps://www.ycombinator.com/companies/luel
Scheduling Wizard,https://www.ycombinator.comhttps://www.ycombinator.com/companies/scheduling-wizard
RoboDock,https://www.ycombinator.comhttps://www.ycombinator.com/companies/robodock
Skillsync,https://www.ycombinator.comhttps://www.ycombinator.com/companies/skillsync
MouseCat,https://www.ycombinator.comhttps://www.ycombinator.com/companies/mousecat
Zatanna,https://www.ycombinator.comhttps://www.ycombinator.com/companies/zatanna
AutoSitu,https://www.ycombinator.comhttps://www.ycombinator.com/companies/autositu
Verdex,https://www.ycombinator.comhttps://www.ycombinator.com/companies/verdex
Cumulus Labs,https://www.ycombinator.comhttps://www.ycombinator.com/companies/cumulus-labs
Tepali,https://www.ycombinator.comhttps://www.ycombinator.com/companies/tepali
Palus Finance,https://www.ycombinator.comhttps://www.ycombinator.com/companies/palus-finance
21st,https://www.ycombinator.comhttps://www.ycombinator.com/companies/21st
Avoice,https://www.ycombinator.comhttps://www.ycombinator.com/companies/avoice
Kyten Technologies,https://www.ycombinator.comhttps://www.ycombinator.com/companies/kyten-technologies
ZeroSettle,https://www.ycombinator.comhttps://www.ycombinator.com/companies/zerosettle
Carson,https://www.ycombinator.comhttps://www.ycombinator.com/companies/carson
"CignaraSan Francisco, CA, USA",https://www.ycombinator.comhttps://www.ycombinator.com/companies/cignara
OpenSpec,https://www.ycombinator.comhttps://www.ycombinator.com/companies/openspec
Piris Labs,https://www.ycombinator.comhttps://www.ycombinator.com/companies/pirislabs
CellType,https://www.ycombinator.comhttps://www.ycombinator.com/companies/celltype
Burt,https://www.ycombinator.comhttps://www.ycombinator.com/companies/burt
Envariant,https://www.ycombinator.comhttps://www.ycombinator.com/companies/envariant
Cascade,https://www.ycombinator.comhttps://www.ycombinator.com/companies/cascade
Beacon Health,https://www.ycombinator.comhttps://www.ycombinator.com/companies/beacon-health
Strand AI,https://www.ycombinator.comhttps://www.ycombinator.com/companies/strand-ai
BaseFrame,https://www.ycombinator.comhttps://www.ycombinator.com/companies/baseframe
Protent,https://www.ycombinator.comhttps://www.ycombinator.com/companies/protent
Cofia,https://www.ycombinator.comhttps://www.ycombinator.com/companies/cofia
"fuchsiaSan Francisco, CA, USA",https://www.ycombinator.comhttps://www.ycombinator.com/companies/fuchsia
LegalOSRemote,https://www.ycombinator.comhttps://www.ycombinator.com/companies/legalos
Sentrial,https://www.ycombinator.comhttps://www.ycombinator.com/companies/sentrial
"10x ScienceSan Francisco, CA, USA",https://www.ycombinator.comhttps://www.ycombinator.com/companies/10x-science
REV1,https://www.ycombinator.comhttps://www.ycombinator.com/companies/rev1
shortkit,https://www.ycombinator.comhttps://www.ycombinator.com/companies/shortkit
AsimovRemote,https://www.ycombinator.comhttps://www.ycombinator.com/companies/asimov
Lexius,https://www.ycombinator.comhttps://www.ycombinator.com/companies/lexius
Axis,https://www.ycombinator.comhttps://www.ycombinator.com/companies/axis-2
Sonarly,https://www.ycombinator.comhttps://www.ycombinator.com/companies/sonarly
Docura Health,https://www.ycombinator.comhttps://www.ycombinator.com/companies/docura-health
Lance,https://www.ycombinator.comhttps://www.ycombinator.com/companies/lance
RunAnywhere,https://www.ycombinator.comhttps://www.ycombinator.com/companies/runanywhere
Lucent,https://www.ycombinator.comhttps://www.ycombinator.com/companies/lucent
Ruma Care,https://www.ycombinator.comhttps://www.ycombinator.com/companies/ruma-care
Klaus AI,https://www.ycombinator.comhttps://www.ycombinator.com/companies/klaus-ai
Kita,https://www.ycombinator.comhttps://www.ycombinator.com/companies/kita
Syntropy,https://www.ycombinator.comhttps://www.ycombinator.com/companies/syntropy
One Robot,https://www.ycombinator.comhttps://www.ycombinator.com/companies/one-robot
Didit,https://www.ycombinator.comhttps://www.ycombinator.com/companies/didit
Panta,https://www.ycombinator.comhttps://www.ycombinator.com/companies/panta
"ImperfectSan Francisco, CA, USA",https://www.ycombinator.comhttps://www.ycombinator.com/companies/imperfect
Payna,https://www.ycombinator.comhttps://www.ycombinator.com/companies/payna
Origin,https://www.ycombinator.comhttps://www.ycombinator.com/companies/origin-bio
"ClaraSan Francisco, CA, USA",https://www.ycombinator.comhttps://www.ycombinator.com/companies/clara-2
Hlabs,https://www.ycombinator.comhttps://www.ycombinator.com/companies/hlabs
Eos AI,https://www.ycombinator.comhttps://www.ycombinator.com/companies/eos-ai
Valgo,https://www.ycombinator.comhttps://www.ycombinator.com/companies/valgo
ARC Prize FoundationRemote,https://www.ycombinator.comhttps://www.ycombinator.com/companies/arc-prize-foundation
Corvera,https://www.ycombinator.comhttps://www.ycombinator.com/companies/corvera
FullSeam,https://www.ycombinator.comhttps://www.ycombinator.com/companies/fullseam
CatchBack Cards,https://www.ycombinator.comhttps://www.ycombinator.com/companies/catchback-cards
Mantis,https://www.ycombinator.comhttps://www.ycombinator.com/companies/mantis
Haladir,https://www.ycombinator.comhttps://www.ycombinator.com/companies/haladir
ClaimGlide,https://www.ycombinator.comhttps://www.ycombinator.com/companies/claimglide
Inviscid AIRemote,https://www.ycombinator.comhttps://www.ycombinator.com/companies/inviscid-ai
Coasts,https://www.ycombinator.comhttps://www.ycombinator.com/companies/coasts
"Zephyr FusionSan Diego, CA, USA",https://www.ycombinator.comhttps://www.ycombinator.com/companies/zephyr-fusion
"MayflowerSan Francisco, CA, USA",https://www.ycombinator.comhttps://www.ycombinator.com/companies/mayflower
NdeaRemote,https://www.ycombinator.comhttps://www.ycombinator.com/companies/ndea-com
"itemSan Francisco, CA, USA",https://www.ycombinator.comhttps://www.ycombinator.com/companies/item
Crosslayer Labs,https://www.ycombinator.comhttps://www.ycombinator.com/companies/crosslayer-labs
"RivetSan Francisco, CA, USA",https://www.ycombinator.comhttps://www.ycombinator.com/companies/rivet-design
"OpenrollStockholm, Stockholm County, Sweden",https://www.ycombinator.comhttps://www.ycombinator.com/companies/openroll
"AmikaNew York, NY, USA",https://www.ycombinator.comhttps://www.ycombinator.com/companies/amika
"BearSan Francisco, CA, USA",https://www.ycombinator.comhttps://www.ycombinator.com/companies/bear
"MossSan Mateo, CA, USA",https://www.ycombinator.comhttps://www.ycombinator.com/companies/moss
"ZarnaSan Francisco, CA, USA",https://www.ycombinator.comhttps://www.ycombinator.com/companies/zarna
"MarkItSan Francisco, CA, USA",https://www.ycombinator.comhttps://www.ycombinator.com/companies/markit
Voltair,https://www.ycombinator.comhttps://www.ycombinator.com/companies/voltair
"ClicksSan Francisco, CA, USA",https://www.ycombinator.comhttps://www.ycombinator.com/companies/clicks
Fastshot,https://www.ycombinator.comhttps://www.ycombinator.com/companies/fastshot
Vector Legal,https://www.ycombinator.comhttps://www.ycombinator.com/companies/vector-legal
"ShoptiquesNew York, NY, USA",https://www.ycombinator.comhttps://www.ycombinator.com/companies/shoptiques
Zag,https://www.ycombinator.comhttps://www.ycombinator.com/companies/zag
"LunaBillSan Francisco, CA, USA",https://www.ycombinator.comhttps://www.ycombinator.com/companies/lunabill
Nerviom,https://www.ycombinator.comhttps://www.ycombinator.com/companies/nerviom
Velvet,https://www.ycombinator.comhttps://www.ycombinator.com/companies/velvet
"DiligenceSquaredSan Francisco, CA, USA",https://www.ycombinator.comhttps://www.ycombinator.com/companies/diligencesquared-inc
Amera,https://www.ycombinator.comhttps://www.ycombinator.com/companies/amera
"Forge RoboticsSan Francisco, CA, USA",https://www.ycombinator.comhttps://www.ycombinator.com/companies/forge-robotics
"BlumaSan Francisco, CA, USA",https://www.ycombinator.comhttps://www.ycombinator.com/companies/bluma
"LightberrySan Francisco, CA, USA",https://www.ycombinator.comhttps://www.ycombinator.com/companies/lightberry
The Hog,https://www.ycombinator.comhttps://www.ycombinator.com/companies/the-hog
Telemetron,https://www.ycombinator.comhttps://www.ycombinator.com/companies/telemetron-ai
"Boom AISan Francisco, CA, USA",https://www.ycombinator.comhttps://www.ycombinator.com/companies/boom-ai
"Freeport MarketsNew York, NY, USA",https://www.ycombinator.comhttps://www.ycombinator.com/companies/freeport-markets
"MiniswapSan Francisco, CA, USA",https://www.ycombinator.comhttps://www.ycombinator.com/companies/miniswap
"Rovi HealthNew York, NY, USA",https://www.ycombinator.comhttps://www.ycombinator.com/companies/rovi-health
Castari,https://www.ycombinator.comhttps://www.ycombinator.com/companies/castari
General Astronautics,https://www.ycombinator.comhttps://www.ycombinator.com/companies/generalastro
"JarminSan Francisco, CA, USA",https://www.ycombinator.comhttps://www.ycombinator.com/companies/jarmin
"ExonicSan Francisco, CA, USA",https://www.ycombinator.comhttps://www.ycombinator.com/companies/exonic
"LemmaSan Francisco, CA, USA",https://www.ycombinator.comhttps://www.ycombinator.com/companies/uselemma
Mantle,https://www.ycombinator.comhttps://www.ycombinator.com/companies/mantle
Karumi,https://www.ycombinator.comhttps://www.ycombinator.com/companies/karumi
"IcarusLos Angeles, CA, USA",https://www.ycombinator.comhttps://www.ycombinator.com/companies/icarus
Sava,https://www.ycombinator.comhttps://www.ycombinator.com/companies/savahq
"DenkiSan Francisco, CA, USA",https://www.ycombinator.comhttps://www.ycombinator.com/companies/denki
"ArctenSan Francisco, CA, USA",https://www.ycombinator.comhttps://www.ycombinator.com/companies/arcten
MetorialRemote,https://www.ycombinator.comhttps://www.ycombinator.com/companies/metorial
Kalpa Labs,https://www.ycombinator.comhttps://www.ycombinator.com/companies/kalpa-labs
Absurd,https://www.ycombinator.comhttps://www.ycombinator.com/companies/absurd
"Clad LabsSan Francisco, CA, USA",https://www.ycombinator.comhttps://www.ycombinator.com/companies/clad-labs
"Automax.aiSan Francisco, CA, USA",https://www.ycombinator.comhttps://www.ycombinator.com/companies/automax-ai
"SpecificStockholm, Stockholm County, Sweden",https://www.ycombinator.comhttps://www.ycombinator.com/companies/specific
"PrimerSan Francisco, CA, USA",https://www.ycombinator.comhttps://www.ycombinator.com/companies/primer
"NarrativeSan Francisco, CA, USA",https://www.ycombinator.comhttps://www.ycombinator.com/companies/usenarrative
Crunched,https://www.ycombinator.comhttps://www.ycombinator.com/companies/crunched
Lua Global Inc,https://www.ycombinator.comhttps://www.ycombinator.com/companies/lua-global-inc
"PhilonPalo Alto, CA, USA",https://www.ycombinator.comhttps://www.ycombinator.com/companies/philon
"SourcebotSan Francisco, CA, USA",https://www.ycombinator.comhttps://www.ycombinator.com/companies/sourcebot
Zalos,https://www.ycombinator.comhttps://www.ycombinator.com/companies/zalos
"PrismSan Francisco, CA, USA",https://www.ycombinator.comhttps://www.ycombinator.com/companies/tryprism
"AsideSan Francisco, CA, USA",https://www.ycombinator.comhttps://www.ycombinator.com/companies/aside
Scott AI,https://www.ycombinator.comhttps://www.ycombinator.com/companies/scott-ai
"EverestSan Francisco, CA, USA",https://www.ycombinator.comhttps://www.ycombinator.com/companies/everest
"Expected ParrotCambridge, MA, USA",https://www.ycombinator.comhttps://www.ycombinator.com/companies/expected-parrot
Imagine AI,https://www.ycombinator.comhttps://www.ycombinator.com/companies/imagine-ai
"Anto BiosciencesSan Francisco, CA, USA",https://www.ycombinator.comhttps://www.ycombinator.com/companies/anto-biosciences
"Patent WatchToronto, ON, Canada",https://www.ycombinator.comhttps://www.ycombinator.com/companies/patent-watch
"s2.devSan Francisco, CA, USA",https://www.ycombinator.comhttps://www.ycombinator.com/companies/s2-dev
"TornyolParis, Île-de-France, France",https://www.ycombinator.comhttps://www.ycombinator.com/companies/tornyol
Nucleo,https://www.ycombinator.comhttps://www.ycombinator.com/companies/nucleo
"LeadbaySan Francisco, CA, USA",https://www.ycombinator.comhttps://www.ycombinator.com/companies/leadbay
"Pixley AISan Francisco, CA, USA",https://www.ycombinator.comhttps://www.ycombinator.com/companies/pixley-ai
"Cortex AISan Francisco, CA, USA",https://www.ycombinator.comhttps://www.ycombinator.com/companies/cortex-ai
"InspectorSan Francisco, CA, USA",https://www.ycombinator.comhttps://www.ycombinator.com/companies/inspector
"ThesisSan Francisco, CA, USA",https://www.ycombinator.comhttps://www.ycombinator.com/companies/thesis
Oxus,https://www.ycombinator.comhttps://www.ycombinator.com/companies/oxus
"Play HealthBoulder, CO, USA",https://www.ycombinator.comhttps://www.ycombinator.com/companies/play-health
Casey,https://www.ycombinator.comhttps://www.ycombinator.com/companies/casey
"SelfinSan Francisco, CA, USA",https://www.ycombinator.comhttps://www.ycombinator.com/companies/selfin
"CompyleSan Francisco, CA, USA",https://www.ycombinator.comhttps://www.ycombinator.com/companies/compyle
"LexiSan Francisco, CA, USA",https://www.ycombinator.comhttps://www.ycombinator.com/companies/lexi
Codyco,https://www.ycombinator.comhttps://www.ycombinator.com/companies/codyco
"ComplyDoBerlin, Berlin, Germany",https://www.ycombinator.comhttps://www.ycombinator.com/companies/complydo
"BraviSan Francisco, CA, USA",https://www.ycombinator.comhttps://www.ycombinator.com/companies/bravi
"RovrSan Francisco, CA, USA",https://www.ycombinator.comhttps://www.ycombinator.com/companies/rovr
Sunflower,https://www.ycombinator.comhttps://www.ycombinator.com/companies/sunflower
Captain,https://www.ycombinator.comhttps://www.ycombinator.com/companies/captain
"RedaptoSan Francisco, CA, USA",https://www.ycombinator.comhttps://www.ycombinator.com/companies/redapto
"HelonicSan Francisco, CA, USA",https://www.ycombinator.comhttps://www.ycombinator.com/companies/helonic
"Aleph LabSan Francisco, CA, USA",https://www.ycombinator.comhttps://www.ycombinator.com/companies/aleph-lab
"LogicalSan Francisco, CA, USA",https://www.ycombinator.comhttps://www.ycombinator.com/companies/logical
Agentic Fabriq,https://www.ycombinator.comhttps://www.ycombinator.com/companies/agentic-fabriq
Travo,https://www.ycombinator.comhttps://www.ycombinator.com/companies/travo
"TensrSan Francisco, CA, USA",https://www.ycombinator.comhttps://www.ycombinator.com/companies/tensr
"Kestrel AISan Francisco, CA, USA",https://www.ycombinator.comhttps://www.ycombinator.com/companies/kestrel-ai
"LogosGuardSan Francisco, CA, USA",https://www.ycombinator.comhttps://www.ycombinator.com/companies/logosguard
"SciloopSan Francisco, CA, USA",https://www.ycombinator.comhttps://www.ycombinator.com/companies/sciloop
Multifactor,https://www.ycombinator.comhttps://www.ycombinator.com/companies/multifactor
"Allus AIAtlanta, GA, USA",https://www.ycombinator.comhttps://www.ycombinator.com/companies/allus-ai
"Unsiloed AISan Francisco, CA, USA",https://www.ycombinator.comhttps://www.ycombinator.com/companies/unsiloed-ai
SF Tensor,https://www.ycombinator.comhttps://www.ycombinator.com/companies/sf-tensor
AnswerThis,https://www.ycombinator.comhttps://www.ycombinator.com/companies/answerthis
"TerrainSan Francisco, CA, USA",https://www.ycombinator.comhttps://www.ycombinator.com/companies/terrain
"LakoniaSan Francisco, CA, USA",https://www.ycombinator.comhttps://www.ycombinator.com/companies/lakonia
"SellRazeSan Francisco, CA, USA",https://www.ycombinator.comhttps://www.ycombinator.com/companies/sellraze
Mod AI,https://www.ycombinator.comhttps://www.ycombinator.com/companies/mod-ai
"Semble AISan Francisco, CA, USA",https://www.ycombinator.comhttps://www.ycombinator.com/companies/semble-ai
Flick,https://www.ycombinator.comhttps://www.ycombinator.com/companies/flick
"hillclimbSan Francisco, CA, USA",https://www.ycombinator.comhttps://www.ycombinator.com/companies/hillclimb
"AtlasGridMountain View, CA, USA",https://www.ycombinator.comhttps://www.ycombinator.com/companies/atlasgrid
Wardstone,https://www.ycombinator.comhttps://www.ycombinator.com/companies/wardstone
"NessieSan Francisco, CA, USA",https://www.ycombinator.comhttps://www.ycombinator.com/companies/nessie
Hypercubic,https://www.ycombinator.comhttps://www.ycombinator.com/companies/hypercubic
"Cranston AISan Francisco, CA, USA",https://www.ycombinator.comhttps://www.ycombinator.com/companies/cranston-ai
Trelium,https://www.ycombinator.comhttps://www.ycombinator.com/companies/trelium
"Velum LabsSan Francisco, CA, USA",https://www.ycombinator.comhttps://www.ycombinator.com/companies/velum-labs
"Veria LabsSan Francisco, CA, USA",https://www.ycombinator.comhttps://www.ycombinator.com/companies/veria-labs
"MinroSan Francisco, CA, USA",https://www.ycombinator.comhttps://www.ycombinator.com/companies/minro
"PlayVisionSan Francisco, CA, USA",https://www.ycombinator.comhttps://www.ycombinator.com/companies/playvision
"KoyalSan Francisco, CA, USA",https://www.ycombinator.comhttps://www.ycombinator.com/companies/koyal
"Kaigo HealthSan Francisco, CA, USA",https://www.ycombinator.comhttps://www.ycombinator.com/companies/kaigo-health
"NorraSan Francisco, CA, USA",https://www.ycombinator.comhttps://www.ycombinator.com/companies/norra
"SorenSan Francisco, CA, USA",https://www.ycombinator.comhttps://www.ycombinator.com/companies/soren
"LunavoSan Francisco, CA, USA",https://www.ycombinator.comhttps://www.ycombinator.com/companies/lunavo
"dari.devSan Francisco, CA, USA",https://www.ycombinator.comhttps://www.ycombinator.com/companies/daridev
"The Context CompanySan Francisco, CA, USA",https://www.ycombinator.comhttps://www.ycombinator.com/companies/the-context-company
"SorceSan Francisco, CA, USA",https://www.ycombinator.comhttps://www.ycombinator.com/companies/sorce
Caddy,https://www.ycombinator.comhttps://www.ycombinator.com/companies/caddy
Alt-X,https://www.ycombinator.comhttps://www.ycombinator.com/companies/alt-x
Locus,https://www.ycombinator.comhttps://www.ycombinator.com/companies/locus
Deeptrace,https://www.ycombinator.comhttps://www.ycombinator.com/companies/deeptrace
Aspect,https://www.ycombinator.comhttps://www.ycombinator.com/companies/aspect-inc
"ScoopSan Francisco, CA, USA",https://www.ycombinator.comhttps://www.ycombinator.com/companies/scoop
"HyperspellSan Francisco, CA, USA",https://www.ycombinator.comhttps://www.ycombinator.com/companies/hyperspell
"Bolna AIBengaluru, KA, India",https://www.ycombinator.comhttps://www.ycombinator.com/companies/bolna-ai
"NexusBrussels, Brussels, Belgium",https://www.ycombinator.comhttps://www.ycombinator.com/companies/gpt
"ZavoSan Francisco, CA, USA",https://www.ycombinator.comhttps://www.ycombinator.com/companies/zavo
"MOVEdotSan Francisco, CA, USA",https://www.ycombinator.comhttps://www.ycombinator.com/companies/movedot
"ParrotSan Francisco, CA, USA",https://www.ycombinator.comhttps://www.ycombinator.com/companies/parrot
Brickwise,https://www.ycombinator.comhttps://www.ycombinator.com/companies/brickwise
Parse,https://www.ycombinator.comhttps://www.ycombinator.com/companies/parse-bot
"Structured AINew York, NY, USA",https://www.ycombinator.comhttps://www.ycombinator.com/companies/structured-ai
"UplaneSan Francisco, CA, USA",https://www.ycombinator.comhttps://www.ycombinator.com/companies/uplane
AirCaps,https://www.ycombinator.comhttps://www.ycombinator.com/companies/aircaps
"BrickantaStockholm, Stockholm County, Sweden",https://www.ycombinator.comhttps://www.ycombinator.com/companies/brickanta
"F2New York, NY, USA",https://www.ycombinator.comhttps://www.ycombinator.com/companies/f2
Remedy,https://www.ycombinator.comhttps://www.ycombinator.com/companies/remedy
"SemioticSan Francisco, CA, USA",https://www.ycombinator.comhttps://www.ycombinator.com/companies/semiotic
"LapisSan Francisco, CA, USA",https://www.ycombinator.comhttps://www.ycombinator.com/companies/lapis
"EfferenceSan Francisco, CA, USA",https://www.ycombinator.comhttps://www.ycombinator.com/companies/efference
"Nox MetalsDetroit, MI, USA",https://www.ycombinator.comhttps://www.ycombinator.com/companies/nox-metals
"DigipalsSan Francisco, CA, USA",https://www.ycombinator.comhttps://www.ycombinator.com/companies/digipals
Blue,https://www.ycombinator.comhttps://www.ycombinator.com/companies/blue
Mixy,https://www.ycombinator.comhttps://www.ycombinator.com/companies/mixy
"PalomaSan Francisco, CA, USA",https://www.ycombinator.comhttps://www.ycombinator.com/companies/paloma
Uplift AI,https://www.ycombinator.comhttps://www.ycombinator.com/companies/uplift-ai
"RealRootsSan Francisco, CA, USA",https://www.ycombinator.comhttps://www.ycombinator.com/companies/realroots
Luminal,https://www.ycombinator.comhttps://www.ycombinator.com/companies/luminal
"FreyaSan Francisco, CA, USA",https://www.ycombinator.comhttps://www.ycombinator.com/companies/freya
"burntSan Francisco, CA, USA",https://www.ycombinator.comhttps://www.ycombinator.com/companies/burnt
Avent,https://www.ycombinator.comhttps://www.ycombinator.com/companies/avent
"RuvoSão Paulo, SP, Brazil",https://www.ycombinator.comhttps://www.ycombinator.com/companies/ruvo
"VeritusSan Francisco, CA, USA",https://www.ycombinator.comhttps://www.ycombinator.com/companies/veritus
"OutroveSan Francisco, CA, USA",https://www.ycombinator.comhttps://www.ycombinator.com/companies/outrove
NOSO LABS,https://www.ycombinator.comhttps://www.ycombinator.com/companies/noso-labs
"Vulcan TechnologiesAustin, TX, USA",https://www.ycombinator.comhttps://www.ycombinator.com/companies/vulcan-technologies
"Bizzy AISan Francisco, CA, USA",https://www.ycombinator.comhttps://www.ycombinator.com/companies/geo-ai
"Spotlight RealtyNew York, NY, USA",https://www.ycombinator.comhttps://www.ycombinator.com/companies/spotlight-realty
"InterfereNew York, NY, USA",https://www.ycombinator.comhttps://www.ycombinator.com/companies/interfere
MunifyRemote,https://www.ycombinator.comhttps://www.ycombinator.com/companies/munify
"RowFlowNew York, NY, USA",https://www.ycombinator.comhttps://www.ycombinator.com/companies/rowflow
"TectoAISan Francisco, CA, USA",https://www.ycombinator.comhttps://www.ycombinator.com/companies/tectoai
"DuraniumAlameda, CA, USA",https://www.ycombinator.comhttps://www.ycombinator.com/companies/duranium
"SmartbaseSan Francisco, CA, USA",https://www.ycombinator.comhttps://www.ycombinator.com/companies/smartbase
"Perspectives HealthChicago, IL, USA",https://www.ycombinator.comhttps://www.ycombinator.com/companies/perspectives-health
"ModelenceSan Francisco, CA, USA",https://www.ycombinator.comhttps://www.ycombinator.com/companies/modelence
Magnetic,https://www.ycombinator.comhttps://www.ycombinator.com/companies/magnetic
"FleetlineNew York, NY, USA",https://www.ycombinator.comhttps://www.ycombinator.com/companies/fleetline
"ClodoSan Francisco, CA, USA",https://www.ycombinator.comhttps://www.ycombinator.com/companies/clodo
stagewise,https://www.ycombinator.comhttps://www.ycombinator.com/companies/stagewise
"Flywheel AISan Francisco, CA, USA",https://www.ycombinator.comhttps://www.ycombinator.com/companies/flywheel-ai
Button Computer,https://www.ycombinator.comhttps://www.ycombinator.com/companies/button-computer
Juxta,https://www.ycombinator.comhttps://www.ycombinator.com/companies/juxta
"OkibiSan Francisco, CA, USA",https://www.ycombinator.comhttps://www.ycombinator.com/companies/okibi
Pollen,https://www.ycombinator.comhttps://www.ycombinator.com/companies/pollen
"RebulkOlathe, KS, USA",https://www.ycombinator.comhttps://www.ycombinator.com/companies/rebulk
"KERNELSan Francisco, CA, USA",https://www.ycombinator.comhttps://www.ycombinator.com/companies/kernel
"ReacherSan Francisco, CA, USA",https://www.ycombinator.comhttps://www.ycombinator.com/companies/reacher
"Certus AISan Francisco, CA, USA",https://www.ycombinator.comhttps://www.ycombinator.com/companies/certus-ai
Hera,https://www.ycombinator.comhttps://www.ycombinator.com/companies/hera-video
"NotteSan Francisco, CA, USA",https://www.ycombinator.comhttps://www.ycombinator.com/companies/notte
"PallySan Francisco, CA, USA",https://www.ycombinator.comhttps://www.ycombinator.com/companies/pally
"LocataNew York, NY, USA",https://www.ycombinator.comhttps://www.ycombinator.com/companies/locata
Fernstone,https://www.ycombinator.comhttps://www.ycombinator.com/companies/fernstone
Pleom,https://www.ycombinator.comhttps://www.ycombinator.com/companies/pleom
Convexia,https://www.ycombinator.comhttps://www.ycombinator.com/companies/convexia
"SigmanticAIDublin, CA, USA",https://www.ycombinator.comhttps://www.ycombinator.com/companies/sigmanticai
"OpennoteSan Francisco, CA, USA",https://www.ycombinator.comhttps://www.ycombinator.com/companies/opennote
Sira,https://www.ycombinator.comhttps://www.ycombinator.com/companies/sira
"F4 IndustriesSan Francisco, CA, USA",https://www.ycombinator.comhttps://www.ycombinator.com/companies/f4-industries
"EdenNew York, NY, USA",https://www.ycombinator.comhttps://www.ycombinator.com/companies/tryeden
"AlturMexico City, CDMX, Mexico",https://www.ycombinator.comhttps://www.ycombinator.com/companies/altur
"PARES AISan Francisco, CA, USA",https://www.ycombinator.comhttps://www.ycombinator.com/companies/pares-ai
Avelis Health,https://www.ycombinator.comhttps://www.ycombinator.com/companies/avelis-health
"NautilusSan Francisco, CA, USA",https://www.ycombinator.comhttps://www.ycombinator.com/companies/nautilus
"HumoniqSan Francisco, CA, USA",https://www.ycombinator.comhttps://www.ycombinator.com/companies/humoniq
"PalaceSan Francisco, CA, USA",https://www.ycombinator.comhttps://www.ycombinator.com/companies/palace
"IdlerSan Francisco, CA, USA",https://www.ycombinator.comhttps://www.ycombinator.com/companies/idler
Floot,https://www.ycombinator.comhttps://www.ycombinator.com/companies/floot
Alara,https://www.ycombinator.comhttps://www.ycombinator.com/companies/alara
Socratix AI,https://www.ycombinator.comhttps://www.ycombinator.com/companies/socratix-ai
Minimal AI,https://www.ycombinator.comhttps://www.ycombinator.com/companies/minimal-ai
Risely AI,https://www.ycombinator.comhttps://www.ycombinator.com/companies/risely-ai
"OmnaraSan Francisco, CA, USA",https://www.ycombinator.comhttps://www.ycombinator.com/companies/omnara
"KnowlifySan Francisco, CA, USA",https://www.ycombinator.comhttps://www.ycombinator.com/companies/knowlify
"AutosanaSan Francisco, CA, USA",https://www.ycombinator.comhttps://www.ycombinator.com/companies/autosana
"ProcIndexSan Francisco, CA, USA",https://www.ycombinator.comhttps://www.ycombinator.com/companies/procindex
Iron Grid,https://www.ycombinator.comhttps://www.ycombinator.com/companies/iron-grid
"FintoMunich, BY, Germany",https://www.ycombinator.comhttps://www.ycombinator.com/companies/finto-de
Autumn AI,https://www.ycombinator.comhttps://www.ycombinator.com/companies/autumn-ai
"MotivesLondon, England, United Kingdom",https://www.ycombinator.comhttps://www.ycombinator.com/companies/motives
"RellingSan Francisco, CA, USA",https://www.ycombinator.comhttps://www.ycombinator.com/companies/relling
Char,https://www.ycombinator.comhttps://www.ycombinator.com/companies/char
Manufact (formerly mcp-use),https://www.ycombinator.comhttps://www.ycombinator.com/companies/manufact
"NovaflowSan Francisco, CA, USA",https://www.ycombinator.comhttps://www.ycombinator.com/companies/novaflow
Perseus Defense,https://www.ycombinator.comhttps://www.ycombinator.com/companies/perseus-defense
"PhasesSan Francisco, CA, USA",https://www.ycombinator.comhttps://www.ycombinator.com/companies/phases
Solva,https://www.ycombinator.comhttps://www.ycombinator.com/companies/solva
"Albacore Inc.Philadelphia, PA, USA",https://www.ycombinator.comhttps://www.ycombinator.com/companies/albacore-inc
"GoRiffSan Francisco, CA, USA",https://www.ycombinator.comhttps://www.ycombinator.com/companies/goriff
Mimos,https://www.ycombinator.comhttps://www.ycombinator.com/companies/mimos
"NozomioSan Francisco, CA, USA",https://www.ycombinator.comhttps://www.ycombinator.com/companies/nozomio
VibeFlow,https://www.ycombinator.comhttps://www.ycombinator.com/companies/vibeflow
Comena,https://www.ycombinator.comhttps://www.ycombinator.com/companies/comena
"NormalSan Francisco, CA, USA",https://www.ycombinator.comhttps://www.ycombinator.com/companies/normal
"GhostEyeNew York, NY, USA",https://www.ycombinator.comhttps://www.ycombinator.com/companies/ghosteye
"Channel3New York, NY, USA",https://www.ycombinator.comhttps://www.ycombinator.com/companies/channel3
"EpicenterSan Francisco, CA, USA",https://www.ycombinator.comhttps://www.ycombinator.com/companies/epicenter
Costream,https://www.ycombinator.comhttps://www.ycombinator.com/companies/costream
"EmbedderSan Francisco, CA, USA",https://www.ycombinator.comhttps://www.ycombinator.com/companies/embedder
Flai,https://www.ycombinator.comhttps://www.ycombinator.com/companies/flai
"b12 LabsSan Francisco, CA, USA",https://www.ycombinator.comhttps://www.ycombinator.com/companies/b12-labs
Fulcrum,https://www.ycombinator.comhttps://www.ycombinator.com/companies/fulcrum
"TraceSan Francisco, CA, USA",https://www.ycombinator.comhttps://www.ycombinator.com/companies/trace-so
"InterfaceNew York, NY, USA",https://www.ycombinator.comhttps://www.ycombinator.com/companies/theinterface
IronLedger.ai,https://www.ycombinator.comhttps://www.ycombinator.com/companies/ironledger-ai
"DoeSan Francisco, CA, USA",https://www.ycombinator.comhttps://www.ycombinator.com/companies/doe
"TheoraSan Francisco, CA, USA",https://www.ycombinator.comhttps://www.ycombinator.com/companies/theora
Parachute,https://www.ycombinator.comhttps://www.ycombinator.com/companies/parachute
"RiverbankSan Francisco, CA, USA",https://www.ycombinator.comhttps://www.ycombinator.com/companies/riverbank
Kalinda,https://www.ycombinator.comhttps://www.ycombinator.com/companies/kalinda
"Stellon LabsSan Francisco, CA, USA",https://www.ycombinator.comhttps://www.ycombinator.com/companies/stellon-labs
"BootLoopSan Francisco, CA, USA",https://www.ycombinator.comhttps://www.ycombinator.com/companies/bootloop
AgentHub,https://www.ycombinator.comhttps://www.ycombinator.com/companies/agenthub-2
"cocreateSan Francisco, CA, USA",https://www.ycombinator.comhttps://www.ycombinator.com/companies/cocreate
"SlashySan Francisco, CA, USA",https://www.ycombinator.comhttps://www.ycombinator.com/companies/slashy
"WedgeSan Francisco, CA, USA",https://www.ycombinator.comhttps://www.ycombinator.com/companies/wedge
"CareSwiftNew York, NY, USA",https://www.ycombinator.comhttps://www.ycombinator.com/companies/careswift
"PangolinSan Francisco, CA, USA",https://www.ycombinator.comhttps://www.ycombinator.com/companies/pangolin
"KestrollSan Francisco, CA, USA",https://www.ycombinator.comhttps://www.ycombinator.com/companies/kestroll
Tesora,https://www.ycombinator.comhttps://www.ycombinator.com/companies/tesora
"DeepAware AISan Francisco, CA, USA",https://www.ycombinator.comhttps://www.ycombinator.com/companies/deepaware-ai
"StocklineSan Francisco, CA, USA",https://www.ycombinator.comhttps://www.ycombinator.com/companies/stockline
"MagnitudeSan Francisco, CA, USA",https://www.ycombinator.comhttps://www.ycombinator.com/companies/magnitude
"ProliferateSan Francisco, CA, USA",https://www.ycombinator.comhttps://www.ycombinator.com/companies/proliferate
"NoriNew York, NY, USA",https://www.ycombinator.comhttps://www.ycombinator.com/companies/nori
DeepGrove,https://www.ycombinator.comhttps://www.ycombinator.com/companies/deepgrove
"FrizzleSan Francisco, CA, USA",https://www.ycombinator.comhttps://www.ycombinator.com/companies/frizzle
"SkopeSan Francisco, CA, USA",https://www.ycombinator.comhttps://www.ycombinator.com/companies/skope
"OnDeck AIVancouver, BC, Canada",https://www.ycombinator.comhttps://www.ycombinator.com/companies/ondeck-ai
"AlterNew York, NY, USA",https://www.ycombinator.comhttps://www.ycombinator.com/companies/alter
Imprezia,https://www.ycombinator.comhttps://www.ycombinator.com/companies/imprezia
"LilacSan Francisco, CA, USA",https://www.ycombinator.comhttps://www.ycombinator.com/companies/lilac
"Janet AISan Francisco, CA, USA",https://www.ycombinator.comhttps://www.ycombinator.com/companies/tryjanet
"CyberdeskSan Francisco, CA, USA",https://www.ycombinator.comhttps://www.ycombinator.com/companies/cyberdesk
"HumworkSan Francisco, CA, USA",https://www.ycombinator.comhttps://www.ycombinator.com/companies/humwork
"PanelsSan Francisco, CA, USA",https://www.ycombinator.comhttps://www.ycombinator.com/companies/panels
"WaferSan Francisco, CA, USA",https://www.ycombinator.comhttps://www.ycombinator.com/companies/wafer
Orange Slice,https://www.ycombinator.comhttps://www.ycombinator.com/companies/orange-slice
Overdrive Health,https://www.ycombinator.comhttps://www.ycombinator.com/companies/overdrive-health
"MonarchaSan Francisco, CA, USA",https://www.ycombinator.comhttps://www.ycombinator.com/companies/monarcha
Return Signals,https://www.ycombinator.comhttps://www.ycombinator.com/companies/return-signals
"LotasSan Francisco, CA, USA",https://www.ycombinator.comhttps://www.ycombinator.com/companies/lotas
"Design ArenaSan Francisco, CA, USA",https://www.ycombinator.comhttps://www.ycombinator.com/companies/design-arena
"EffiGovSan Francisco, CA, USA",https://www.ycombinator.comhttps://www.ycombinator.com/companies/effigov
